{
 "rateMatrix":[
  [-1.020430781440153, 0.1832069118817626, 0.6720289154744563, 0.1651949540839338],
  [0.1672431365759945, -0.9685604452688229, 0.1781466963131418, 0.6231706123796865],
  [0.6308970417063012, 0.1832069118817626, -0.9792989076719975, 0.1651949540839338],
  [0.1672431365759945, 0.6911177408696221, 0.1781466963131418, -1.036507573758758]
  ],
 "input":{
   "file name":"/home/lpicard/2019_validation/21genes_APOBEC3F_CCDS_results_201912111831/APOBEC3F_sequences_filtered_longestORFs_D180gp2_prank.best.fas",
   "number of sequences":11,
   "number of sites":2094,
   "partition count":3
  },
 "timeElapsed":43,
 "rvChoice":0,
 "rvRates":0,
 "potentialBreakpoints":1548,
 "likelihoodScores":[
  [-1163.925481231826, -1284.047485396574, 0],
  [-1316.259235895232, -1237.229999672504, -1289.268977388605],
  [0, -1678.910390823554, -1661.801327053974]
  ],
 "pairwiseP":[
  [0, 0.0001, 0],
  [0.0001, 0, 0.0029],
  [0, 0.0549, 0]
  ],
 "singleTreeAICc":8655.968341415117
}