{
 "rateMatrix":[
  [-1.001426565461908, 0.211919945428835, 0.5854930093145349, 0.2040136107185383],
  [0.2081382773713565, -0.9888016141882893, 0.2089197931582062, 0.5717435436587266],
  [0.5833028289445831, 0.211919945428835, -0.9992363850919564, 0.2040136107185383],
  [0.2081382773713565, 0.5939008684014052, 0.2089197931582062, -1.010958938930968]
  ],
 "input":{
   "file name":"/home/lpicard/2019_validation/21genes_APOBEC3F_CCDS_results_201912111831/APOBEC3F_sequences_filtered_longestORFs_D426gp1_prank.best.fas",
   "number of sequences":56,
   "number of sites":3426,
   "partition count":3
  },
 "timeElapsed":1760,
 "rvChoice":0,
 "rvRates":0,
 "potentialBreakpoints":3371,
 "likelihoodScores":[
  [-1278.570469582368, -1371.995184261531, 0],
  [-4029.941033868515, -3028.276891143602, -3746.157999769254],
  [0, -6263.047614792262, -5226.129302094685]
  ],
 "pairwiseP":[
  [0, 0.0001, 0],
  [0.0001, 0, 0.0001],
  [0, 0.0001, 0]
  ],
 "singleTreeAICc":20792.69919412157
}