{
 "rateMatrix":[
  [-1.000245133331231, 0.1825093914147722, 0.6429961852073433, 0.174739556709116],
  [0.1801510654196564, -0.9852373412304335, 0.1796438119621888, 0.6254424638485884],
  [0.6448117892881208, 0.1825093914147722, -1.002060737412009, 0.174739556709116],
  [0.1801510654196564, 0.6532529073081164, 0.1796438119621888, -1.013047784689961]
  ],
 "input":{
   "file name":"/home/lpicard/2019_validation/21genes_APOBEC3F_CCDS_results_201912111831/APOBEC3F_sequences_filtered_longestORFs_D834gp2_prank.best.fas",
   "number of sequences":94,
   "number of sites":4737,
   "partition count":2
  },
 "timeElapsed":1535,
 "rvChoice":0,
 "rvRates":0,
 "potentialBreakpoints":4674,
 "likelihoodScores":[
  [-2864.347313271758, -3125.55528111886],
  [-11916.47772498945, -10930.68682491184]
  ],
 "pairwiseP":[
  [0, 0.0001],
  [0.0001, 0]
  ],
 "singleTreeAICc":28742.53383731177
}