{
 "rateMatrix":[
  [-1.352770521161086, 0.1109008406723931, 1.188172268449315, 0.05369741203937833],
  [0.07215013095325405, -0.7324853634939054, 0.1175438194813883, 0.5427914130592629],
  [0.7293176718425147, 0.1109008406723931, -0.8939159245542863, 0.05369741203937833],
  [0.07215013095325405, 1.121022815287344, 0.1175438194813883, -1.310716765721986]
  ],
 "input":{
   "file name":"/home/lpicard/2019_validation/21genes_GADD45A_CCDS_results_201912111853/GADD45A_sequences_filtered_longestORFs_prank_part2_prank.best.fas",
   "number of sequences":4,
   "number of sites":480,
   "partition count":2
  },
 "timeElapsed":1,
 "rvChoice":0,
 "rvRates":0,
 "potentialBreakpoints":27,
 "likelihoodScores":[
  [-145.7853809503502, -151.1731374058412],
  [-653.0785873975682, -651.5830793858187]
  ],
 "pairwiseP":[
  [0, 0.1362],
  [0.3248, 0]
  ],
 "singleTreeAICc":1626.604904815736
}