{
 "rateMatrix":[
  [-0.9760032189633111, 0.1933913123753657, 0.5912987366230286, 0.1913131699649167],
  [0.2356597984923713, -0.9848880260843744, 0.2096520013108566, 0.5395762262811467],
  [0.6646506603806067, 0.1933913123753657, -1.049355142720889, 0.1913131699649167],
  [0.2356597984923713, 0.5454373817871189, 0.2096520013108566, -0.9907491815903468]
  ],
 "input":{
   "file name":"/home/lpicard/2019_validation/21genes_GBP5_CCDS_results_201912111827/GBP5_sequences_filtered_longestORFs_D760gp1_prank.best.fas",
   "number of sequences":32,
   "number of sites":3345,
   "partition count":5
  },
 "timeElapsed":1629,
 "rvChoice":0,
 "rvRates":0,
 "potentialBreakpoints":2946,
 "likelihoodScores":[
  [-5286.956681281941, -5474.36855829638, 0, 0],
  [-2795.028854478855, -2782.680075734969, -2940.126886806058, 0],
  [0, -6168.158320780982, -6109.891289154553, -6887.600787404732],
  [0, 0, -2291.306619767791, -2295.896170847719]
  ],
 "pairwiseP":[
  [0, 0.0001, 0, 0],
  [0.1699, 0, 0.0001, 0],
  [0, 0.0149, 0, 0.0001],
  [0, 0, 0.7514, 0]
  ],
 "singleTreeAICc":33655.57812512346
}