{
 "rateMatrix":[
  [-0.9823212901948927, 0.1611090999030593, 0.6624105352978719, 0.1588016549939617],
  [0.216384766787958, -0.9618268001899343, 0.1890662672391784, 0.5563757661627978],
  [0.7581233357560802, 0.1611090999030593, -1.078034090653101, 0.1588016549939617],
  [0.216384766787958, 0.5644601052663569, 0.1890662672391784, -0.9699111392934933]
  ],
 "input":{
   "file name":"/home/lpicard/2019_validation/21genes_GBP5_CCDS_results_201912111827/GBP5_sequences_filtered_longestORFs_D760gp2_prank.best.fas",
   "number of sequences":36,
   "number of sites":1956,
   "partition count":2
  },
 "timeElapsed":124,
 "rvChoice":0,
 "rvRates":0,
 "potentialBreakpoints":1279,
 "likelihoodScores":[
  [-968.7091920768466, -978.9288527669568],
  [-7781.296935164158, -6434.724555663235]
  ],
 "pairwiseP":[
  [0, 0.1903],
  [0.0001, 0]
  ],
 "singleTreeAICc":15132.96188656731
}