{
 "rateMatrix":[
  [-0.9728054342912587, 0.138726987002518, 0.7055560989480936, 0.1285223483406471],
  [0.1839052197380052, -0.9298209675769303, 0.152917311759549, 0.5929984360793762],
  [0.8485334192806737, 0.138726987002518, -1.115782754623839, 0.1285223483406471],
  [0.1839052197380052, 0.6400823467406225, 0.152917311759549, -0.9769048782381766]
  ],
 "input":{
   "file name":"/home/lpicard/2019_validation/21genes_GBP5_CCDS_results_201912111827/GBP5_sequences_filtered_longestORFs_D487gp2_prank.best.fas",
   "number of sequences":28,
   "number of sites":2019,
   "partition count":2
  },
 "timeElapsed":58,
 "rvChoice":0,
 "rvRates":0,
 "potentialBreakpoints":1235,
 "likelihoodScores":[
  [-4022.445112247655, -4323.907180108925],
  [-1441.701948896943, -1423.02505413901]
  ],
 "pairwiseP":[
  [0, 0.0001],
  [0.1259, 0]
  ],
 "singleTreeAICc":11160.82617931726
}