{
 "rateMatrix":[
  [-0.986672055098925, 0.1770843721860632, 0.6341365366513657, 0.1754511462614962],
  [0.1987183090094879, -0.986179143738486, 0.184532761268057, 0.6029280734609411],
  [0.6828843798713908, 0.1770843721860632, -1.03541989831895, 0.1754511462614962],
  [0.1987183090094879, 0.6085405632121222, 0.184532761268057, -0.9917916334896673]
  ],
 "input":{
   "file name":"/home/lpicard/2019_validation/21genes_GBP5_CCDS_results_201912111827/GBP5_sequences_filtered_longestORFs_prank_mincov_prank.best.fas",
   "number of sequences":168,
   "number of sites":5382,
   "partition count":2
  },
 "timeElapsed":6523,
 "rvChoice":0,
 "rvRates":0,
 "potentialBreakpoints":5339,
 "likelihoodScores":[
  [-14399.74330816944, -15029.56571417061],
  [-21898.94957881266, -21621.28258749536]
  ],
 "pairwiseP":[
  [0, 0.0001],
  [0.0001, 0]
  ],
 "singleTreeAICc":73764.24216495718
}